GCF_000005845.2.fna.gz	GCF_000005845.2.fna.gz	0	0	10000/10000
GCF_000006745.1.fna.gz	GCF_000005845.2.fna.gz	0.339586	2.40484e-11	4/10000
GCF_000006765.1.fna.gz	GCF_000005845.2.fna.gz	0.35328	3.69503e-08	3/10000
GCF_000006945.2.fna.gz	GCF_000005845.2.fna.gz	0.158119	0	184/10000
GCF_000008525.1.fna.gz	GCF_000005845.2.fna.gz	1	1	0/10000
GCF_000008585.1.fna.gz	GCF_000005845.2.fna.gz	0.405585	0.00512503	1/10000
GCF_000008785.1.fna.gz	GCF_000005845.2.fna.gz	1	1	0/10000
GCF_000008865.2.fna.gz	GCF_000005845.2.fna.gz	0.0225289	0	4525/10000
GCF_000009045.1.fna.gz	GCF_000005845.2.fna.gz	1	1	0/10000
GCF_000009085.1.fna.gz	GCF_000005845.2.fna.gz	1	1	0/10000
GCF_000011865.1.fna.gz	GCF_000005845.2.fna.gz	1	1	0/10000
GCF_000013425.1.fna.gz	GCF_000005845.2.fna.gz	0.405585	0.00398191	1/10000
GCF_000013465.1.fna.gz	GCF_000005845.2.fna.gz	1	1	0/10000
GCF_000014625.1.fna.gz	GCF_000005845.2.fna.gz	0.405585	0.0061529	1/10000
GCF_000022585.1.fna.gz	GCF_000005845.2.fna.gz	0.339586	2.66772e-11	4/10000
GCF_000093125.2.fna.gz	GCF_000005845.2.fna.gz	1	1	0/10000
GCF_000186745.1.fna.gz	GCF_000005845.2.fna.gz	1	1	0/10000
GCF_000195955.2.fna.gz	GCF_000005845.2.fna.gz	0.405585	0.00512961	1/10000
GCF_000195995.1.fna.gz	GCF_000005845.2.fna.gz	0.158887	0	181/10000
GCF_000196035.1.fna.gz	GCF_000005845.2.fna.gz	1	1	0/10000
GCF_000005845.2.fna.gz	GCF_000006745.1.fna.gz	0.339586	2.40484e-11	4/10000
GCF_000006745.1.fna.gz	GCF_000006745.1.fna.gz	0	0	10000/10000
GCF_000006765.1.fna.gz	GCF_000006745.1.fna.gz	0.405585	0.00556339	1/10000
GCF_000006945.2.fna.gz	GCF_000006745.1.fna.gz	0.291447	1.36276e-33	11/10000
GCF_000008525.1.fna.gz	GCF_000006745.1.fna.gz	1	1	0/10000
GCF_000008585.1.fna.gz	GCF_000006745.1.fna.gz	1	1	0/10000
GCF_000008785.1.fna.gz	GCF_000006745.1.fna.gz	1	1	0/10000
GCF_000008865.2.fna.gz	GCF_000006745.1.fna.gz	0.339586	3.34404e-11	4/10000
GCF_000009045.1.fna.gz	GCF_000006745.1.fna.gz	1	1	0/10000
GCF_000009085.1.fna.gz	GCF_000006745.1.fna.gz	1	1	0/10000
GCF_000011865.1.fna.gz	GCF_000006745.1.fna.gz	1	1	0/10000
GCF_000013425.1.fna.gz	GCF_000006745.1.fna.gz	1	1	0/10000
GCF_000013465.1.fna.gz	GCF_000006745.1.fna.gz	1	1	0/10000
GCF_000014625.1.fna.gz	GCF_000006745.1.fna.gz	0.405585	0.00565572	1/10000
GCF_000022585.1.fna.gz	GCF_000006745.1.fna.gz	0.00127038	0	9487/10000
GCF_000093125.2.fna.gz	GCF_000006745.1.fna.gz	1	1	0/10000
GCF_000186745.1.fna.gz	GCF_000006745.1.fna.gz	1	1	0/10000
GCF_000195955.2.fna.gz	GCF_000006745.1.fna.gz	1	1	0/10000
GCF_000195995.1.fna.gz	GCF_000006745.1.fna.gz	0.295981	3.48656e-30	10/10000
GCF_000196035.1.fna.gz	GCF_000006745.1.fna.gz	1	1	0/10000
GCF_000005845.2.fna.gz	GCF_000006765.1.fna.gz	0.35328	3.69503e-08	3/10000
GCF_000006745.1.fna.gz	GCF_000006765.1.fna.gz	0.405585	0.00556339	1/10000
GCF_000006765.1.fna.gz	GCF_000006765.1.fna.gz	0	0	10000/10000
GCF_000006945.2.fna.gz	GCF_000006765.1.fna.gz	0.35328	4.12307e-08	3/10000
GCF_000008525.1.fna.gz	GCF_000006765.1.fna.gz	1	1	0/10000
GCF_000008585.1.fna.gz	GCF_000006765.1.fna.gz	0.372583	1.72164e-05	2/10000
GCF_000008785.1.fna.gz	GCF_000006765.1.fna.gz	1	1	0/10000
GCF_000008865.2.fna.gz	GCF_000006765.1.fna.gz	0.405585	0.00669703	1/10000
GCF_000009045.1.fna.gz	GCF_000006765.1.fna.gz	0.405585	0.00571314	1/10000
GCF_000009085.1.fna.gz	GCF_000006765.1.fna.gz	1	1	0/10000
GCF_000011865.1.fna.gz	GCF_000006765.1.fna.gz	1	1	0/10000
GCF_000013425.1.fna.gz	GCF_000006765.1.fna.gz	0.405585	0.00441323	1/10000
GCF_000013465.1.fna.gz	GCF_000006765.1.fna.gz	0.405585	0.00451557	1/10000
GCF_000014625.1.fna.gz	GCF_000006765.1.fna.gz	0.0117609	0	6409/10000
GCF_000022585.1.fna.gz	GCF_000006765.1.fna.gz	0.405585	0.00572987	1/10000
GCF_000093125.2.fna.gz	GCF_000006765.1.fna.gz	1	1	0/10000
GCF_000186745.1.fna.gz	GCF_000006765.1.fna.gz	0.405585	0.00561342	1/10000
GCF_000195955.2.fna.gz	GCF_000006765.1.fna.gz	0.372583	1.72516e-05	2/10000
GCF_000195995.1.fna.gz	GCF_000006765.1.fna.gz	0.339586	7.01735e-11	4/10000
GCF_000196035.1.fna.gz	GCF_000006765.1.fna.gz	1	1	0/10000
GCF_000005845.2.fna.gz	GCF_000006945.2.fna.gz	0.158119	0	184/10000
GCF_000006745.1.fna.gz	GCF_000006945.2.fna.gz	0.291447	1.36276e-33	11/10000
GCF_000006765.1.fna.gz	GCF_000006945.2.fna.gz	0.35328	4.12307e-08	3/10000
GCF_000006945.2.fna.gz	GCF_000006945.2.fna.gz	0	0	10000/10000
GCF_000008525.1.fna.gz	GCF_000006945.2.fna.gz	1	1	0/10000
GCF_000008585.1.fna.gz	GCF_000006945.2.fna.gz	1	1	0/10000
GCF_000008785.1.fna.gz	GCF_000006945.2.fna.gz	1	1	0/10000
GCF_000008865.2.fna.gz	GCF_000006945.2.fna.gz	0.161547	0	171/10000
GCF_000009045.1.fna.gz	GCF_000006945.2.fna.gz	1	1	0/10000
GCF_000009085.1.fna.gz	GCF_000006945.2.fna.gz	1	1	0/10000
GCF_000011865.1.fna.gz	GCF_000006945.2.fna.gz	1	1	0/10000
GCF_000013425.1.fna.gz	GCF_000006945.2.fna.gz	1	1	0/10000
GCF_000013465.1.fna.gz	GCF_000006945.2.fna.gz	1	1	0/10000
GCF_000014625.1.fna.gz	GCF_000006945.2.fna.gz	0.372583	2.04306e-05	2/10000
GCF_000022585.1.fna.gz	GCF_000006945.2.fna.gz	0.291447	1.82874e-33	11/10000
GCF_000093125.2.fna.gz	GCF_000006945.2.fna.gz	1	1	0/10000
GCF_000186745.1.fna.gz	GCF_000006945.2.fna.gz	1	1	0/10000
GCF_000195955.2.fna.gz	GCF_000006945.2.fna.gz	1	1	0/10000
GCF_000195995.1.fna.gz	GCF_000006945.2.fna.gz	0.0184352	0	5140/10000
GCF_000196035.1.fna.gz	GCF_000006945.2.fna.gz	0.405585	0.00418956	1/10000
GCF_000005845.2.fna.gz	GCF_000008525.1.fna.gz	1	1	0/10000
GCF_000006745.1.fna.gz	GCF_000008525.1.fna.gz	1	1	0/10000
GCF_000006765.1.fna.gz	GCF_000008525.1.fna.gz	1	1	0/10000
GCF_000006945.2.fna.gz	GCF_000008525.1.fna.gz	1	1	0/10000
GCF_000008525.1.fna.gz	GCF_000008525.1.fna.gz	0	0	10000/10000
GCF_000008585.1.fna.gz	GCF_000008525.1.fna.gz	1	1	0/10000
GCF_000008785.1.fna.gz	GCF_000008525.1.fna.gz	0.0474985	0	2261/10000
GCF_000008865.2.fna.gz	GCF_000008525.1.fna.gz	1	1	0/10000
GCF_000009045.1.fna.gz	GCF_000008525.1.fna.gz	1	1	0/10000
GCF_000009085.1.fna.gz	GCF_000008525.1.fna.gz	0.35328	1.10736e-09	3/10000
GCF_000011865.1.fna.gz	GCF_000008525.1.fna.gz	0.35328	1.24631e-09	3/10000
GCF_000013425.1.fna.gz	GCF_000008525.1.fna.gz	0.405585	0.00238052	1/10000
GCF_000013465.1.fna.gz	GCF_000008525.1.fna.gz	0.405585	0.00240998	1/10000
GCF_000014625.1.fna.gz	GCF_000008525.1.fna.gz	1	1	0/10000
GCF_000022585.1.fna.gz	GCF_000008525.1.fna.gz	1	1	0/10000
GCF_000093125.2.fna.gz	GCF_000008525.1.fna.gz	1	1	0/10000
GCF_000186745.1.fna.gz	GCF_000008525.1.fna.gz	1	1	0/10000
GCF_000195955.2.fna.gz	GCF_000008525.1.fna.gz	1	1	0/10000
GCF_000195995.1.fna.gz	GCF_000008525.1.fna.gz	1	1	0/10000
GCF_000196035.1.fna.gz	GCF_000008525.1.fna.gz	1	1	0/10000
GCF_000005845.2.fna.gz	GCF_000008585.1.fna.gz	0.405585	0.00512503	1/10000
GCF_000006745.1.fna.gz	GCF_000008585.1.fna.gz	1	1	0/10000
GCF_000006765.1.fna.gz	GCF_000008585.1.fna.gz	0.372583	1.72164e-05	2/10000
GCF_000006945.2.fna.gz	GCF_000008585.1.fna.gz	1	1	0/10000
GCF_000008525.1.fna.gz	GCF_000008585.1.fna.gz	1	1	0/10000
GCF_000008585.1.fna.gz	GCF_000008585.1.fna.gz	0	0	10000/10000
GCF_000008785.1.fna.gz	GCF_000008585.1.fna.gz	1	1	0/10000
GCF_000008865.2.fna.gz	GCF_000008585.1.fna.gz	1	1	0/10000
GCF_000009045.1.fna.gz	GCF_000008585.1.fna.gz	0.405585	0.00488528	1/10000
GCF_000009085.1.fna.gz	GCF_000008585.1.fna.gz	1	1	0/10000
GCF_000011865.1.fna.gz	GCF_000008585.1.fna.gz	1	1	0/10000
GCF_000013425.1.fna.gz	GCF_000008585.1.fna.gz	1	1	0/10000
GCF_000013465.1.fna.gz	GCF_000008585.1.fna.gz	1	1	0/10000
GCF_000014625.1.fna.gz	GCF_000008585.1.fna.gz	0.35328	3.55238e-08	3/10000
GCF_000022585.1.fna.gz	GCF_000008585.1.fna.gz	1	1	0/10000
GCF_000093125.2.fna.gz	GCF_000008585.1.fna.gz	0.405585	0.00413565	1/10000
GCF_000186745.1.fna.gz	GCF_000008585.1.fna.gz	0.405585	0.00481218	1/10000
GCF_000195955.2.fna.gz	GCF_000008585.1.fna.gz	0.000461375	0	9809/10000
GCF_000195995.1.fna.gz	GCF_000008585.1.fna.gz	1	1	0/10000
GCF_000196035.1.fna.gz	GCF_000008585.1.fna.gz	0.405585	0.00400429	1/10000
GCF_000005845.2.fna.gz	GCF_000008785.1.fna.gz	1	1	0/10000
GCF_000006745.1.fna.gz	GCF_000008785.1.fna.gz	1	1	0/10000
GCF_000006765.1.fna.gz	GCF_000008785.1.fna.gz	1	1	0/10000
GCF_000006945.2.fna.gz	GCF_000008785.1.fna.gz	1	1	0/10000
GCF_000008525.1.fna.gz	GCF_000008785.1.fna.gz	0.0474985	0	2261/10000
GCF_000008585.1.fna.gz	GCF_000008785.1.fna.gz	1	1	0/10000
GCF_000008785.1.fna.gz	GCF_000008785.1.fna.gz	0	0	10000/10000
GCF_000008865.2.fna.gz	GCF_000008785.1.fna.gz	1	1	0/10000
GCF_000009045.1.fna.gz	GCF_000008785.1.fna.gz	1	1	0/10000
GCF_000009085.1.fna.gz	GCF_000008785.1.fna.gz	0.339586	5.05715e-13	4/10000
GCF_000011865.1.fna.gz	GCF_000008785.1.fna.gz	0.328965	2.29581e-16	5/10000
GCF_000013425.1.fna.gz	GCF_000008785.1.fna.gz	0.405585	0.00235887	1/10000
GCF_000013465.1.fna.gz	GCF_000008785.1.fna.gz	0.405585	0.00238779	1/10000
GCF_000014625.1.fna.gz	GCF_000008785.1.fna.gz	1	1	0/10000
GCF_000022585.1.fna.gz	GCF_000008785.1.fna.gz	1	1	0/10000
GCF_000093125.2.fna.gz	GCF_000008785.1.fna.gz	1	1	0/10000
GCF_000186745.1.fna.gz	GCF_000008785.1.fna.gz	1	1	0/10000
GCF_000195955.2.fna.gz	GCF_000008785.1.fna.gz	1	1	0/10000
GCF_000195995.1.fna.gz	GCF_000008785.1.fna.gz	1	1	0/10000
GCF_000196035.1.fna.gz	GCF_000008785.1.fna.gz	1	1	0/10000
GCF_000005845.2.fna.gz	GCF_000008865.2.fna.gz	0.0225289	0	4525/10000
GCF_000006745.1.fna.gz	GCF_000008865.2.fna.gz	0.339586	3.34404e-11	4/10000
GCF_000006765.1.fna.gz	GCF_000008865.2.fna.gz	0.405585	0.00669703	1/10000
GCF_000006945.2.fna.gz	GCF_000008865.2.fna.gz	0.161547	0	171/10000
GCF_000008525.1.fna.gz	GCF_000008865.2.fna.gz	1	1	0/10000
GCF_000008585.1.fna.gz	GCF_000008865.2.fna.gz	1	1	0/10000
GCF_000008785.1.fna.gz	GCF_000008865.2.fna.gz	1	1	0/10000
GCF_000008865.2.fna.gz	GCF_000008865.2.fna.gz	0	0	10000/10000
GCF_000009045.1.fna.gz	GCF_000008865.2.fna.gz	1	1	0/10000
GCF_000009085.1.fna.gz	GCF_000008865.2.fna.gz	1	1	0/10000
GCF_000011865.1.fna.gz	GCF_000008865.2.fna.gz	1	1	0/10000
GCF_000013425.1.fna.gz	GCF_000008865.2.fna.gz	1	1	0/10000
GCF_000013465.1.fna.gz	GCF_000008865.2.fna.gz	1	1	0/10000
GCF_000014625.1.fna.gz	GCF_000008865.2.fna.gz	1	1	0/10000
GCF_000022585.1.fna.gz	GCF_000008865.2.fna.gz	0.339586	3.74327e-11	4/10000
GCF_000093125.2.fna.gz	GCF_000008865.2.fna.gz	1	1	0/10000
GCF_000186745.1.fna.gz	GCF_000008865.2.fna.gz	1	1	0/10000
GCF_000195955.2.fna.gz	GCF_000008865.2.fna.gz	1	1	0/10000
GCF_000195995.1.fna.gz	GCF_000008865.2.fna.gz	0.161003	0	173/10000
GCF_000196035.1.fna.gz	GCF_000008865.2.fna.gz	1	1	0/10000
GCF_000005845.2.fna.gz	GCF_000009045.1.fna.gz	1	1	0/10000
GCF_000006745.1.fna.gz	GCF_000009045.1.fna.gz	1	1	0/10000
GCF_000006765.1.fna.gz	GCF_000009045.1.fna.gz	0.405585	0.00571314	1/10000
GCF_000006945.2.fna.gz	GCF_000009045.1.fna.gz	1	1	0/10000
GCF_000008525.1.fna.gz	GCF_000009045.1.fna.gz	1	1	0/10000
GCF_000008585.1.fna.gz	GCF_000009045.1.fna.gz	0.405585	0.00488528	1/10000
GCF_000008785.1.fna.gz	GCF_000009045.1.fna.gz	1	1	0/10000
GCF_000008865.2.fna.gz	GCF_000009045.1.fna.gz	1	1	0/10000
GCF_000009045.1.fna.gz	GCF_000009045.1.fna.gz	0	0	10000/10000
GCF_000009085.1.fna.gz	GCF_000009045.1.fna.gz	1	1	0/10000
GCF_000011865.1.fna.gz	GCF_000009045.1.fna.gz	1	1	0/10000
GCF_000013425.1.fna.gz	GCF_000009045.1.fna.gz	0.306598	1.17264e-24	8/10000
GCF_000013465.1.fna.gz	GCF_000009045.1.fna.gz	0.306598	1.37527e-24	8/10000
GCF_000014625.1.fna.gz	GCF_000009045.1.fna.gz	0.405585	0.00581055	1/10000
GCF_000022585.1.fna.gz	GCF_000009045.1.fna.gz	1	1	0/10000
GCF_000093125.2.fna.gz	GCF_000009045.1.fna.gz	0.339586	1.13783e-11	4/10000
GCF_000186745.1.fna.gz	GCF_000009045.1.fna.gz	0.0123301	0	6285/10000
GCF_000195955.2.fna.gz	GCF_000009045.1.fna.gz	0.405585	0.00488944	1/10000
GCF_000195995.1.fna.gz	GCF_000009045.1.fna.gz	1	1	0/10000
GCF_000196035.1.fna.gz	GCF_000009045.1.fna.gz	0.339586	1.00216e-11	4/10000
GCF_000005845.2.fna.gz	GCF_000009085.1.fna.gz	1	1	0/10000
GCF_000006745.1.fna.gz	GCF_000009085.1.fna.gz	1	1	0/10000
GCF_000006765.1.fna.gz	GCF_000009085.1.fna.gz	1	1	0/10000
GCF_000006945.2.fna.gz	GCF_000009085.1.fna.gz	1	1	0/10000
GCF_000008525.1.fna.gz	GCF_000009085.1.fna.gz	0.35328	1.10736e-09	3/10000
GCF_000008585.1.fna.gz	GCF_000009085.1.fna.gz	1	1	0/10000
GCF_000008785.1.fna.gz	GCF_000009085.1.fna.gz	0.339586	5.05715e-13	4/10000
GCF_000008865.2.fna.gz	GCF_000009085.1.fna.gz	1	1	0/10000
GCF_000009045.1.fna.gz	GCF_000009085.1.fna.gz	1	1	0/10000
GCF_000009085.1.fna.gz	GCF_000009085.1.fna.gz	0	0	10000/10000
GCF_000011865.1.fna.gz	GCF_000009085.1.fna.gz	0.0153684	0	5676/10000
GCF_000013425.1.fna.gz	GCF_000009085.1.fna.gz	1	1	0/10000
GCF_000013465.1.fna.gz	GCF_000009085.1.fna.gz	1	1	0/10000
GCF_000014625.1.fna.gz	GCF_000009085.1.fna.gz	1	1	0/10000
GCF_000022585.1.fna.gz	GCF_000009085.1.fna.gz	1	1	0/10000
GCF_000093125.2.fna.gz	GCF_000009085.1.fna.gz	1	1	0/10000
GCF_000186745.1.fna.gz	GCF_000009085.1.fna.gz	1	1	0/10000
GCF_000195955.2.fna.gz	GCF_000009085.1.fna.gz	1	1	0/10000
GCF_000195995.1.fna.gz	GCF_000009085.1.fna.gz	1	1	0/10000
GCF_000196035.1.fna.gz	GCF_000009085.1.fna.gz	1	1	0/10000
GCF_000005845.2.fna.gz	GCF_000011865.1.fna.gz	1	1	0/10000
GCF_000006745.1.fna.gz	GCF_000011865.1.fna.gz	1	1	0/10000
GCF_000006765.1.fna.gz	GCF_000011865.1.fna.gz	1	1	0/10000
GCF_000006945.2.fna.gz	GCF_000011865.1.fna.gz	1	1	0/10000
GCF_000008525.1.fna.gz	GCF_000011865.1.fna.gz	0.35328	1.24631e-09	3/10000
GCF_000008585.1.fna.gz	GCF_000011865.1.fna.gz	1	1	0/10000
GCF_000008785.1.fna.gz	GCF_000011865.1.fna.gz	0.328965	2.29581e-16	5/10000
GCF_000008865.2.fna.gz	GCF_000011865.1.fna.gz	1	1	0/10000
GCF_000009045.1.fna.gz	GCF_000011865.1.fna.gz	1	1	0/10000
GCF_000009085.1.fna.gz	GCF_000011865.1.fna.gz	0.0153684	0	5676/10000
GCF_000011865.1.fna.gz	GCF_000011865.1.fna.gz	0	0	10000/10000
GCF_000013425.1.fna.gz	GCF_000011865.1.fna.gz	1	1	0/10000
GCF_000013465.1.fna.gz	GCF_000011865.1.fna.gz	1	1	0/10000
GCF_000014625.1.fna.gz	GCF_000011865.1.fna.gz	1	1	0/10000
GCF_000022585.1.fna.gz	GCF_000011865.1.fna.gz	1	1	0/10000
GCF_000093125.2.fna.gz	GCF_000011865.1.fna.gz	1	1	0/10000
GCF_000186745.1.fna.gz	GCF_000011865.1.fna.gz	1	1	0/10000
GCF_000195955.2.fna.gz	GCF_000011865.1.fna.gz	1	1	0/10000
GCF_000195995.1.fna.gz	GCF_000011865.1.fna.gz	1	1	0/10000
GCF_000196035.1.fna.gz	GCF_000011865.1.fna.gz	1	1	0/10000
GCF_000005845.2.fna.gz	GCF_000013425.1.fna.gz	0.405585	0.00398191	1/10000
GCF_000006745.1.fna.gz	GCF_000013425.1.fna.gz	1	1	0/10000
GCF_000006765.1.fna.gz	GCF_000013425.1.fna.gz	0.405585	0.00441323	1/10000
GCF_000006945.2.fna.gz	GCF_000013425.1.fna.gz	1	1	0/10000
GCF_000008525.1.fna.gz	GCF_000013425.1.fna.gz	0.405585	0.00238052	1/10000
GCF_000008585.1.fna.gz	GCF_000013425.1.fna.gz	1	1	0/10000
GCF_000008785.1.fna.gz	GCF_000013425.1.fna.gz	0.405585	0.00235887	1/10000
GCF_000008865.2.fna.gz	GCF_000013425.1.fna.gz	1	1	0/10000
GCF_000009045.1.fna.gz	GCF_000013425.1.fna.gz	0.306598	1.17264e-24	8/10000
GCF_000009085.1.fna.gz	GCF_000013425.1.fna.gz	1	1	0/10000
GCF_000011865.1.fna.gz	GCF_000013425.1.fna.gz	1	1	0/10000
GCF_000013425.1.fna.gz	GCF_000013425.1.fna.gz	0	0	10000/10000
GCF_000013465.1.fna.gz	GCF_000013425.1.fna.gz	0.00268919	0	8959/10000
GCF_000014625.1.fna.gz	GCF_000013425.1.fna.gz	0.405585	0.00447113	1/10000
GCF_000022585.1.fna.gz	GCF_000013425.1.fna.gz	1	1	0/10000
GCF_000093125.2.fna.gz	GCF_000013425.1.fna.gz	0.35328	6.32373e-09	3/10000
GCF_000186745.1.fna.gz	GCF_000013425.1.fna.gz	0.306598	1.06638e-24	8/10000
GCF_000195955.2.fna.gz	GCF_000013425.1.fna.gz	1	1	0/10000
GCF_000195995.1.fna.gz	GCF_000013425.1.fna.gz	1	1	0/10000
GCF_000196035.1.fna.gz	GCF_000013425.1.fna.gz	0.339586	4.78391e-12	4/10000
GCF_000005845.2.fna.gz	GCF_000013465.1.fna.gz	1	1	0/10000
GCF_000006745.1.fna.gz	GCF_000013465.1.fna.gz	1	1	0/10000
GCF_000006765.1.fna.gz	GCF_000013465.1.fna.gz	0.405585	0.00451557	1/10000
GCF_000006945.2.fna.gz	GCF_000013465.1.fna.gz	1	1	0/10000
GCF_000008525.1.fna.gz	GCF_000013465.1.fna.gz	0.405585	0.00240998	1/10000
GCF_000008585.1.fna.gz	GCF_000013465.1.fna.gz	1	1	0/10000
GCF_000008785.1.fna.gz	GCF_000013465.1.fna.gz	0.405585	0.00238779	1/10000
GCF_000008865.2.fna.gz	GCF_000013465.1.fna.gz	1	1	0/10000
GCF_000009045.1.fna.gz	GCF_000013465.1.fna.gz	0.306598	1.37527e-24	8/10000
GCF_000009085.1.fna.gz	GCF_000013465.1.fna.gz	1	1	0/10000
GCF_000011865.1.fna.gz	GCF_000013465.1.fna.gz	1	1	0/10000
GCF_000013425.1.fna.gz	GCF_000013465.1.fna.gz	0.00268919	0	8959/10000
GCF_000013465.1.fna.gz	GCF_000013465.1.fna.gz	0	0	10000/10000
GCF_000014625.1.fna.gz	GCF_000013465.1.fna.gz	0.405585	0.0045762	1/10000
GCF_000022585.1.fna.gz	GCF_000013465.1.fna.gz	1	1	0/10000
GCF_000093125.2.fna.gz	GCF_000013465.1.fna.gz	0.35328	6.66276e-09	3/10000
GCF_000186745.1.fna.gz	GCF_000013465.1.fna.gz	0.306598	1.24827e-24	8/10000
GCF_000195955.2.fna.gz	GCF_000013465.1.fna.gz	1	1	0/10000
GCF_000195995.1.fna.gz	GCF_000013465.1.fna.gz	1	1	0/10000
GCF_000196035.1.fna.gz	GCF_000013465.1.fna.gz	0.35328	6.14869e-09	3/10000
GCF_000005845.2.fna.gz	GCF_000014625.1.fna.gz	0.405585	0.0061529	1/10000
GCF_000006745.1.fna.gz	GCF_000014625.1.fna.gz	0.405585	0.00565572	1/10000
GCF_000006765.1.fna.gz	GCF_000014625.1.fna.gz	0.0117609	0	6409/10000
GCF_000006945.2.fna.gz	GCF_000014625.1.fna.gz	0.372583	2.04306e-05	2/10000
GCF_000008525.1.fna.gz	GCF_000014625.1.fna.gz	1	1	0/10000
GCF_000008585.1.fna.gz	GCF_000014625.1.fna.gz	0.35328	3.55238e-08	3/10000
GCF_000008785.1.fna.gz	GCF_000014625.1.fna.gz	1	1	0/10000
GCF_000008865.2.fna.gz	GCF_000014625.1.fna.gz	1	1	0/10000
GCF_000009045.1.fna.gz	GCF_000014625.1.fna.gz	0.405585	0.00581055	1/10000
GCF_000009085.1.fna.gz	GCF_000014625.1.fna.gz	1	1	0/10000
GCF_000011865.1.fna.gz	GCF_000014625.1.fna.gz	1	1	0/10000
GCF_000013425.1.fna.gz	GCF_000014625.1.fna.gz	0.405585	0.00447113	1/10000
GCF_000013465.1.fna.gz	GCF_000014625.1.fna.gz	0.405585	0.0045762	1/10000
GCF_000014625.1.fna.gz	GCF_000014625.1.fna.gz	0	0	10000/10000
GCF_000022585.1.fna.gz	GCF_000014625.1.fna.gz	0.405585	0.00582786	1/10000
GCF_000093125.2.fna.gz	GCF_000014625.1.fna.gz	1	1	0/10000
GCF_000186745.1.fna.gz	GCF_000014625.1.fna.gz	0.405585	0.00570743	1/10000
GCF_000195955.2.fna.gz	GCF_000014625.1.fna.gz	0.35328	3.5635e-08	3/10000
GCF_000195995.1.fna.gz	GCF_000014625.1.fna.gz	0.339586	7.57083e-11	4/10000
GCF_000196035.1.fna.gz	GCF_000014625.1.fna.gz	1	1	0/10000
GCF_000005845.2.fna.gz	GCF_000022585.1.fna.gz	0.339586	2.66772e-11	4/10000
GCF_000006745.1.fna.gz	GCF_000022585.1.fna.gz	0.00127038	0	9487/10000
GCF_000006765.1.fna.gz	GCF_000022585.1.fna.gz	0.405585	0.00572987	1/10000
GCF_000006945.2.fna.gz	GCF_000022585.1.fna.gz	0.291447	1.82874e-33	11/10000
GCF_000008525.1.fna.gz	GCF_000022585.1.fna.gz	1	1	0/10000
GCF_000008585.1.fna.gz	GCF_000022585.1.fna.gz	1	1	0/10000
GCF_000008785.1.fna.gz	GCF_000022585.1.fna.gz	1	1	0/10000
GCF_000008865.2.fna.gz	GCF_000022585.1.fna.gz	0.339586	3.74327e-11	4/10000
GCF_000009045.1.fna.gz	GCF_000022585.1.fna.gz	1	1	0/10000
GCF_000009085.1.fna.gz	GCF_000022585.1.fna.gz	1	1	0/10000
GCF_000011865.1.fna.gz	GCF_000022585.1.fna.gz	1	1	0/10000
GCF_000013425.1.fna.gz	GCF_000022585.1.fna.gz	1	1	0/10000
GCF_000013465.1.fna.gz	GCF_000022585.1.fna.gz	1	1	0/10000
GCF_000014625.1.fna.gz	GCF_000022585.1.fna.gz	0.405585	0.00582786	1/10000
GCF_000022585.1.fna.gz	GCF_000022585.1.fna.gz	0	0	10000/10000
GCF_000093125.2.fna.gz	GCF_000022585.1.fna.gz	1	1	0/10000
GCF_000186745.1.fna.gz	GCF_000022585.1.fna.gz	1	1	0/10000
GCF_000195955.2.fna.gz	GCF_000022585.1.fna.gz	1	1	0/10000
GCF_000195995.1.fna.gz	GCF_000022585.1.fna.gz	0.291447	2.19279e-33	11/10000
GCF_000196035.1.fna.gz	GCF_000022585.1.fna.gz	1	1	0/10000
GCF_000005845.2.fna.gz	GCF_000093125.2.fna.gz	1	1	0/10000
GCF_000006745.1.fna.gz	GCF_000093125.2.fna.gz	1	1	0/10000
GCF_000006765.1.fna.gz	GCF_000093125.2.fna.gz	1	1	0/10000
GCF_000006945.2.fna.gz	GCF_000093125.2.fna.gz	1	1	0/10000
GCF_000008525.1.fna.gz	GCF_000093125.2.fna.gz	1	1	0/10000
GCF_000008585.1.fna.gz	GCF_000093125.2.fna.gz	0.405585	0.00413565	1/10000
GCF_000008785.1.fna.gz	GCF_000093125.2.fna.gz	1	1	0/10000
GCF_000008865.2.fna.gz	GCF_000093125.2.fna.gz	1	1	0/10000
GCF_000009045.1.fna.gz	GCF_000093125.2.fna.gz	0.339586	1.13783e-11	4/10000
GCF_000009085.1.fna.gz	GCF_000093125.2.fna.gz	1	1	0/10000
GCF_000011865.1.fna.gz	GCF_000093125.2.fna.gz	1	1	0/10000
GCF_000013425.1.fna.gz	GCF_000093125.2.fna.gz	0.35328	6.32373e-09	3/10000
GCF_000013465.1.fna.gz	GCF_000093125.2.fna.gz	0.35328	6.66276e-09	3/10000
GCF_000014625.1.fna.gz	GCF_000093125.2.fna.gz	1	1	0/10000
GCF_000022585.1.fna.gz	GCF_000093125.2.fna.gz	1	1	0/10000
GCF_000093125.2.fna.gz	GCF_000093125.2.fna.gz	0	0	10000/10000
GCF_000186745.1.fna.gz	GCF_000093125.2.fna.gz	0.339586	1.08207e-11	4/10000
GCF_000195955.2.fna.gz	GCF_000093125.2.fna.gz	0.405585	0.00413863	1/10000
GCF_000195995.1.fna.gz	GCF_000093125.2.fna.gz	1	1	0/10000
GCF_000196035.1.fna.gz	GCF_000093125.2.fna.gz	0.00873204	0	7130/10000
GCF_000005845.2.fna.gz	GCF_000186745.1.fna.gz	1	1	0/10000
GCF_000006745.1.fna.gz	GCF_000186745.1.fna.gz	1	1	0/10000
GCF_000006765.1.fna.gz	GCF_000186745.1.fna.gz	0.405585	0.00561342	1/10000
GCF_000006945.2.fna.gz	GCF_000186745.1.fna.gz	1	1	0/10000
GCF_000008525.1.fna.gz	GCF_000186745.1.fna.gz	1	1	0/10000
GCF_000008585.1.fna.gz	GCF_000186745.1.fna.gz	0.405585	0.00481218	1/10000
GCF_000008785.1.fna.gz	GCF_000186745.1.fna.gz	1	1	0/10000
GCF_000008865.2.fna.gz	GCF_000186745.1.fna.gz	1	1	0/10000
GCF_000009045.1.fna.gz	GCF_000186745.1.fna.gz	0.0123301	0	6285/10000
GCF_000009085.1.fna.gz	GCF_000186745.1.fna.gz	1	1	0/10000
GCF_000011865.1.fna.gz	GCF_000186745.1.fna.gz	1	1	0/10000
GCF_000013425.1.fna.gz	GCF_000186745.1.fna.gz	0.306598	1.06638e-24	8/10000
GCF_000013465.1.fna.gz	GCF_000186745.1.fna.gz	0.306598	1.24827e-24	8/10000
GCF_000014625.1.fna.gz	GCF_000186745.1.fna.gz	0.405585	0.00570743	1/10000
GCF_000022585.1.fna.gz	GCF_000186745.1.fna.gz	1	1	0/10000
GCF_000093125.2.fna.gz	GCF_000186745.1.fna.gz	0.339586	1.08207e-11	4/10000
GCF_000186745.1.fna.gz	GCF_000186745.1.fna.gz	0	0	10000/10000
GCF_000195955.2.fna.gz	GCF_000186745.1.fna.gz	0.405585	0.00481622	1/10000
GCF_000195995.1.fna.gz	GCF_000186745.1.fna.gz	0.405585	0.00516509	1/10000
GCF_000196035.1.fna.gz	GCF_000186745.1.fna.gz	0.328965	7.43011e-15	5/10000
GCF_000005845.2.fna.gz	GCF_000195955.2.fna.gz	0.405585	0.00512961	1/10000
GCF_000006745.1.fna.gz	GCF_000195955.2.fna.gz	1	1	0/10000
GCF_000006765.1.fna.gz	GCF_000195955.2.fna.gz	0.372583	1.72516e-05	2/10000
GCF_000006945.2.fna.gz	GCF_000195955.2.fna.gz	1	1	0/10000
GCF_000008525.1.fna.gz	GCF_000195955.2.fna.gz	1	1	0/10000
GCF_000008585.1.fna.gz	GCF_000195955.2.fna.gz	0.000461375	0	9809/10000
GCF_000008785.1.fna.gz	GCF_000195955.2.fna.gz	1	1	0/10000
GCF_000008865.2.fna.gz	GCF_000195955.2.fna.gz	1	1	0/10000
GCF_000009045.1.fna.gz	GCF_000195955.2.fna.gz	0.405585	0.00488944	1/10000
GCF_000009085.1.fna.gz	GCF_000195955.2.fna.gz	1	1	0/10000
GCF_000011865.1.fna.gz	GCF_000195955.2.fna.gz	1	1	0/10000
GCF_000013425.1.fna.gz	GCF_000195955.2.fna.gz	1	1	0/10000
GCF_000013465.1.fna.gz	GCF_000195955.2.fna.gz	1	1	0/10000
GCF_000014625.1.fna.gz	GCF_000195955.2.fna.gz	0.35328	3.5635e-08	3/10000
GCF_000022585.1.fna.gz	GCF_000195955.2.fna.gz	1	1	0/10000
GCF_000093125.2.fna.gz	GCF_000195955.2.fna.gz	0.405585	0.00413863	1/10000
GCF_000186745.1.fna.gz	GCF_000195955.2.fna.gz	0.405585	0.00481622	1/10000
GCF_000195955.2.fna.gz	GCF_000195955.2.fna.gz	0	0	10000/10000
GCF_000195995.1.fna.gz	GCF_000195955.2.fna.gz	1	1	0/10000
GCF_000196035.1.fna.gz	GCF_000195955.2.fna.gz	0.405585	0.00400708	1/10000
GCF_000005845.2.fna.gz	GCF_000195995.1.fna.gz	0.158887	0	181/10000
GCF_000006745.1.fna.gz	GCF_000195995.1.fna.gz	0.295981	3.48656e-30	10/10000
GCF_000006765.1.fna.gz	GCF_000195995.1.fna.gz	0.339586	7.01735e-11	4/10000
GCF_000006945.2.fna.gz	GCF_000195995.1.fna.gz	0.0184352	0	5140/10000
GCF_000008525.1.fna.gz	GCF_000195995.1.fna.gz	1	1	0/10000
GCF_000008585.1.fna.gz	GCF_000195995.1.fna.gz	1	1	0/10000
GCF_000008785.1.fna.gz	GCF_000195995.1.fna.gz	1	1	0/10000
GCF_000008865.2.fna.gz	GCF_000195995.1.fna.gz	0.161003	0	173/10000
GCF_000009045.1.fna.gz	GCF_000195995.1.fna.gz	1	1	0/10000
GCF_000009085.1.fna.gz	GCF_000195995.1.fna.gz	1	1	0/10000
GCF_000011865.1.fna.gz	GCF_000195995.1.fna.gz	1	1	0/10000
GCF_000013425.1.fna.gz	GCF_000195995.1.fna.gz	1	1	0/10000
GCF_000013465.1.fna.gz	GCF_000195995.1.fna.gz	1	1	0/10000
GCF_000014625.1.fna.gz	GCF_000195995.1.fna.gz	0.339586	7.57083e-11	4/10000
GCF_000022585.1.fna.gz	GCF_000195995.1.fna.gz	0.291447	2.19279e-33	11/10000
GCF_000093125.2.fna.gz	GCF_000195995.1.fna.gz	1	1	0/10000
GCF_000186745.1.fna.gz	GCF_000195995.1.fna.gz	0.405585	0.00516509	1/10000
GCF_000195955.2.fna.gz	GCF_000195995.1.fna.gz	1	1	0/10000
GCF_000195995.1.fna.gz	GCF_000195995.1.fna.gz	0	0	10000/10000
GCF_000196035.1.fna.gz	GCF_000195995.1.fna.gz	1	1	0/10000
GCF_000005845.2.fna.gz	GCF_000196035.1.fna.gz	1	1	0/10000
GCF_000006745.1.fna.gz	GCF_000196035.1.fna.gz	1	1	0/10000
GCF_000006765.1.fna.gz	GCF_000196035.1.fna.gz	1	1	0/10000
GCF_000006945.2.fna.gz	GCF_000196035.1.fna.gz	0.405585	0.00418956	1/10000
GCF_000008525.1.fna.gz	GCF_000196035.1.fna.gz	1	1	0/10000
GCF_000008585.1.fna.gz	GCF_000196035.1.fna.gz	0.405585	0.00400429	1/10000
GCF_000008785.1.fna.gz	GCF_000196035.1.fna.gz	1	1	0/10000
GCF_000008865.2.fna.gz	GCF_000196035.1.fna.gz	1	1	0/10000
GCF_000009045.1.fna.gz	GCF_000196035.1.fna.gz	0.339586	1.00216e-11	4/10000
GCF_000009085.1.fna.gz	GCF_000196035.1.fna.gz	1	1	0/10000
GCF_000011865.1.fna.gz	GCF_000196035.1.fna.gz	1	1	0/10000
GCF_000013425.1.fna.gz	GCF_000196035.1.fna.gz	0.339586	4.78391e-12	4/10000
GCF_000013465.1.fna.gz	GCF_000196035.1.fna.gz	0.35328	6.14869e-09	3/10000
GCF_000014625.1.fna.gz	GCF_000196035.1.fna.gz	1	1	0/10000
GCF_000022585.1.fna.gz	GCF_000196035.1.fna.gz	1	1	0/10000
GCF_000093125.2.fna.gz	GCF_000196035.1.fna.gz	0.00873204	0	7130/10000
GCF_000186745.1.fna.gz	GCF_000196035.1.fna.gz	0.328965	7.43011e-15	5/10000
GCF_000195955.2.fna.gz	GCF_000196035.1.fna.gz	0.405585	0.00400708	1/10000
GCF_000195995.1.fna.gz	GCF_000196035.1.fna.gz	1	1	0/10000
GCF_000196035.1.fna.gz	GCF_000196035.1.fna.gz	0	0	10000/10000
