GCF_000005845.2,GCF_000006745.1,GCF_000006765.1,GCF_000006945.2,GCF_000008525.1,GCF_000008585.1,GCF_000008785.1,GCF_000008865.2,GCF_000009045.1,GCF_000009085.1,GCF_000011865.1,GCF_000013425.1,GCF_000013465.1,GCF_000014625.1,GCF_000022585.1,GCF_000093125.2,GCF_000186745.1,GCF_000195955.2,GCF_000195995.1,GCF_000196035.1
1.0,0.00046253469010175765,0.0002777263469727828,0.018843683083511777,0.0,0.0001104728236853734,0.0,0.4524252396623265,0.0,0.0,0.0,0.00013313806417254693,0.0,9.022827754218172e-05,0.00045480386583285955,0.0,0.0,0.0001105583195135434,0.01839464882943144,0.0
0.00046253469010175765,1.0,9.970089730807577e-05,0.0012598785935173519,0.0,0.0,0.0,0.0004267577083111064,0.0,0.0,0.0,0.0,0.0,9.700261907071492e-05,0.9501822600243013,0.0,0.0,0.0,0.0011160714285714285,0.0
0.0002777263469727828,9.970089730807577e-05,1.0,0.00027543150936467134,0.0,0.00019175455417066154,0.0,0.00017349063150589867,9.767532721234616e-05,0.0,0.0,0.0001124859392575928,0.00011144544745347152,0.6403000789681496,9.826078412105728e-05,0.0,9.925558312655087e-05,0.00019188333493236112,0.00035974458134724346,0.0
0.018843683083511777,0.0012598785935173519,0.00027543150936467134,1.0,0.0,0.0,0.0,0.016981132075471698,0.0,0.0,0.0,0.0,0.0,0.00017901897601145723,0.0012390177968010813,0.0,0.0,0.0,0.5112955278930382,0.00012836970474967908
0.0,0.0,0.0,0.0,1.0,0.0,0.241442097596504,0.0,0.0,0.0,0.0,0.0002222716159146477,0.00021824530772588389,0.0,0.0,0.0,0.0,0.0,0.0,0.0
0.0001104728236853734,0.0,0.00019175455417066154,0.0,0.0,1.0,0.0,0.0,0.0,0.0,0.0,0.0,0.0,0.0002801643630930146,0.0,0.0,0.0,0.9819469835466179,0.0,0.0
0.0,0.0,0.0,0.0,0.241442097596504,0.0,1.0,0.0,0.0,0.0,0.0,0.00022192632046160674,0.00021791239921551536,0.0,0.0,0.0,0.0,0.0,0.0,0.0
0.4524252396623265,0.0004267577083111064,0.00017349063150589867,0.016981132075471698,0.0,0.0,0.0,1.0,0.0,0.0,0.0,0.0,0.0,8.468834688346883e-05,0.0004201680672268908,0.0,0.0,0.0,0.017098999319926162,0.0
0.0,0.0,9.767532721234616e-05,0.0,0.0,0.0,0.0,0.0,1.0,0.0,0.0,0.0008645533141210375,0.0008543357539513029,9.508414947228297e-05,0.0,0.0004100601421541826,0.6291324383891004,0.0,0.0,0.0004206393718452047
0.0,0.0,0.0,0.0,0.0,0.0,0.0,0.0,0.0,1.0,0.56209453197405,0.0,0.0,0.0,0.0,0.0,0.0,0.0,0.0,0.0
0.0,0.0,0.0,0.0,0.0,0.0,0.0,0.0,0.0,0.56209453197405,1.0,0.0,0.0,0.0,0.0,0.0,0.0,0.0,0.0,0.0
0.00013313806417254693,0.0,0.0001124859392575928,0.0,0.0002222716159146477,0.0,0.00022192632046160674,0.0,0.0008645533141210375,0.0,0.0,1.0,0.8968280467445743,0.00010906314756243865,0.0,0.0005026809651474531,0.0008853474988933156,0.0,0.0,0.0005186721991701245
0.0,0.0,0.00011144544745347152,0.0,0.00021824530772588389,0.0,0.00021791239921551536,0.0,0.0008543357539513029,0.0,0.0,0.8968280467445743,1.0,0.00010808473843493298,0.0,0.0004957858205255329,0.0008746355685131195,0.0,0.0,0.0005113345832623146
9.022827754218172e-05,9.700261907071492e-05,0.6403000789681496,0.00017901897601145723,0.0,0.0002801643630930146,0.0,8.468834688346883e-05,9.508414947228297e-05,0.0,0.0,0.00010906314756243865,0.00010808473843493298,1.0,9.563886763580719e-05,0.0,9.658103148541626e-05,0.0002803476310625175,0.00035093876118617303,0.0
0.00045480386583285955,0.9501822600243013,9.826078412105728e-05,0.0012390177968010813,0.0,0.0,0.0,0.0004201680672268908,0.0,0.0,0.0,0.0,0.0,9.563886763580719e-05,1.0,0.0,0.0,0.0,0.0012079947287502745,0.0
0.0,0.0,0.0,0.0,0.0,0.0,0.0,0.0,0.0004100601421541826,0.0,0.0,0.0005026809651474531,0.0004957858205255329,0.0,0.0,1.0,0.00041940444568712426,0.0,0.0,0.7054263565891473
0.0,0.0,9.925558312655087e-05,0.0,0.0,0.0,0.0,0.0,0.6291324383891004,0.0,0.0,0.0008853474988933156,0.0008746355685131195,9.658103148541626e-05,0.0,0.00041940444568712426,1.0,0.0,0.00011093854004881296,0.00043047783039173483
0.0001105583195135434,0.0,0.00019188333493236112,0.0,0.0,0.9819469835466179,0.0,0.0,0.0,0.0,0.0,0.0,0.0,0.0002803476310625175,0.0,0.0,0.0,1.0,0.0,0.0
0.01839464882943144,0.0011160714285714285,0.00035974458134724346,0.5112955278930382,0.0,0.0,0.0,0.017098999319926162,0.0,0.0,0.0,0.0,0.0,0.00035093876118617303,0.0012079947287502745,0.0,0.00011093854004881296,0.0,1.0,0.0
0.0,0.0,0.0,0.00012836970474967908,0.0,0.0,0.0,0.0,0.0004206393718452047,0.0,0.0,0.0005186721991701245,0.0005113345832623146,0.0,0.0,0.7054263565891473,0.00043047783039173483,0.0,0.0,1.0
