expected_species	kingdom	zymo_dna_pct	detected_as	metaphlan_pct	share_of_bacteria
Listeria_monocytogenes	Bacteria	12.0	Listeria_monocytogenes	5.2342	6.40
Pseudomonas_aeruginosa	Bacteria	12.0	Pseudomonas_aeruginosa	12.9881	15.87
Bacillus_subtilis	Bacteria	12.0	Bacillus_subtilis	0.0263	0.03
Escherichia_coli	Bacteria	12.0	Escherichia_coli	13.9227	17.01
Salmonella_enterica	Bacteria	12.0	Salmonella_enterica	17.5976	21.50
Limosilactobacillus_fermentum	Bacteria	12.0	Limosilactobacillus_fermentum	5.7190	6.99
Enterococcus_faecalis	Bacteria	12.0	Enterococcus_faecalis	14.1877	17.34
Staphylococcus_aureus	Bacteria	12.0	Staphylococcus_aureus	12.1669	14.87
Saccharomyces_cerevisiae	Eukaryota	2.0	NOT_FOUND	0.0000	0.00
Cryptococcus_neoformans	Eukaryota	2.0	NOT_FOUND	0.0000	0.00
